序号,一级分类,二级分类,产品名称,规格名称,计量单位
1,新鲜蔬果,叶菜类,大青菜,斤,斤
2,厨房用品,洗涤用品,一次性中高厨师帽,50个/包,包
3,水产冻货,冻鸡鸭,冻鸡翅根约10kg（中）,约150个/大/件,件
4,水产冻货,冻鸡鸭,冻鸡翅根约10kg（中）,约180个/中/件,件
5,水产冻货,冻鸡鸭,冻鸡翅根约10kg（中）,约18个/中/包,包
6,厨房用品,洗涤用品,一次性发网帽子,70/包,包
7,厨房用品,日用品,散装餐巾纸,14斤/包,包
8,厨房用品,洗涤用品,扫把,把,把
9,调料干货,调味酱,郫县豆瓣酱,约6kg/件,件
10,厨房用品,洗涤用品,一次性口罩,50个/包,包
11,厨房用品,厨用刀具,竹筷子,50双/包,包
12,水产冻货,冻海鲜水产,黑鱼片,2.5kg*4/件,件
13,水产冻货,冻海鲜水产,黑鱼片,2.5kg/包,包
14,水产冻货,半成品,过油猪大排,1.6kg*4/件（约80片）,件
15,水产冻货,半成品,过油猪大排,1.6kg/包（约20片）,包
16,厨房用品,厨用刀具,两头刨皮刀,把,把
17,厨房用品,洗涤用品,平拖把（60cm）,把,把
18,调料干货,干货,香辣酥,400g/包,包
19,厨房用品,洗涤用品,百洁布,6m/卷,卷
20,调料干货,调味粉,天目湖鸡精,2kg/袋,袋
21,调料干货,干货,干面藕面筋,约9斤/包,包
22,调料干货,香辛料,红曲米,斤,斤
23,调料干货,粉面类,正亮红薯粉条,5kg/包,包
24,调料干货,粉面类,正亮红薯粉条,斤,斤
25,调料干货,调味酱,腐乳,红5斤/桶,桶
26,调料干货,调味酱,腐乳,黄5斤/桶,桶
27,调料干货,调味汁,天目湖黄酒,335ml*40/件,件
28,调料干货,调味汁,天目湖黄酒,335ml/包,包
29,水产冻货,半成品,安井玉米肠,1.5kg*8/件,件
30,水产冻货,半成品,安井玉米肠,1.5kg/包,包
31,厨房用品,洗涤用品,地刷,把,把
32,水产冻货,半成品,安井猪肉荠菜馄饨,16包/箱,箱
33,水产冻货,半成品,安井猪肉荠菜馄饨,500g/包,包
34,调料干货,香辛料,陈皮,斤,斤
35,调料干货,调味酱,芝麻酱（6斤）,桶,桶
36,水产冻货,半成品,安井夹心仿蟹排,2.5kg*4包/箱,箱
37,水产冻货,半成品,安井夹心仿蟹排,包,包
38,厨房用品,厨用刀具,一次性筷子（优）,约50双*20/件,件
39,厨房用品,厨用刀具,一次性筷子（优）,约50双/包,包
40,厨房用品,洗涤用品,百洁布,包,包
41,水产冻货,半成品,安井撒尿牛丸,4包/箱,箱
42,水产冻货,半成品,安井撒尿牛丸,2.5kg/包,包
43,厨房用品,厨用刀具,短点火枪,把,把
44,调料干货,干货,云丝,约4kg/箱,箱
45,调料干货,干货,云丝,约8kg/箱,箱
46,米油杂粮,米类,常州香米,25kg/包,包
47,调料干货,调味汁,四川红油,2.5L/桶,桶
48,水产冻货,半成品,安井开花肠,1.5kg*4/件,件
49,水产冻货,半成品,安井开花肠,1.5kg/包,包
50,调料干货,调味粉,味好美胡椒粉,500g/袋,袋
51,调料干货,粉面类,干面条(细）,800g*15/包,包
52,调料干货,粉面类,干面条(细）,800g/卷,卷
53,厨房用品,日用品,打包袋,25（普通） 600个/捆,捆
54,厨房用品,日用品,打包袋,3698（普通） 400个/捆,捆
55,厨房用品,日用品,打包袋,38（普通） 600个/捆,捆
56,厨房用品,日用品,打包袋,48（普通） 400个/捆,捆
57,厨房用品,日用品,打包袋,58（普通）400个/捆,捆
58,调料干货,香辛料,小茴香,斤,斤
59,豆品蛋类,蛋类,咸鸭蛋,60g*100个/件,件
60,豆品蛋类,蛋类,咸鸭蛋,60g/个,个
61,厨房用品,厨用刀具,一次性饭盒,800个/箱,箱
62,厨房用品,洗涤用品,垃圾桶,个,个
63,调料干货,调味粉,炸鸡裹粉,5kg/袋,袋
64,调料干货,调味粉,太太乐鸡精,1.2kg*8包/件,件
65,调料干货,调味粉,太太乐鸡精,1.2kg/包,包
66,米油杂粮,米类,香香米,25kg/包,包
67,豆品蛋类,包点,手工水饺,2.5kg*4包/件,件
68,豆品蛋类,包点,手工水饺,2.5kg/包,包
69,调料干货,调味粉,排骨汤料,227克*40包/箱,箱
70,水产冻货,半成品,安井千页豆腐,2.5kg*4/件,件
71,水产冻货,半成品,安井千页豆腐,2.5kg/包,包
72,水产冻货,半成品,咸蛋黄,12粒/包,包
73,米油杂粮,面粉类,五得利910小麦粉,50斤/包,包
74,肉类,冷鲜猪肉,【冷鲜】去脊背五花肉,肉片/斤,斤
75,肉类,冷鲜猪肉,【冷鲜】去脊背五花肉,斤,斤
76,水产冻货,半成品,安井包心鱼丸,2.5kg*4/件,件
77,水产冻货,半成品,安井包心鱼丸,2.5kg/包,包
78,水产冻货,半成品,安井鱼豆腐,2.5kg*4包/件,件
79,水产冻货,半成品,安井鱼豆腐,2.5kg/包,包
80,水产冻货,半成品,安井包心贡丸,2.5kg*4/件,件
81,水产冻货,半成品,安井包心贡丸,2.5kg/包,包
82,调料干货,干货,优质银耳,斤,斤
83,调料干货,调味酱,番茄酱,850g*12瓶/箱,箱
84,调料干货,调味酱,番茄酱,850g/瓶,瓶
85,厨房用品,厨用刀具,磨刀石,块,块
86,豆品蛋类,包点,安井猪肉烧麦,18包/箱,箱
87,豆品蛋类,包点,安井猪肉烧麦,30g*10/包,包
88,调料干货,干货,枸杞,斤,斤
89,水产冻货,冻牛羊,冻牛霖,斤,斤
90,水产冻货,半成品,安井霞迷饺,2.5kg*4/件,件
91,水产冻货,半成品,安井霞迷饺,2.5kg/包,包
92,水产冻货,半成品,小方腿,220g*30个/件,件
93,水产冻货,半成品,小方腿,220g/个,个
94,豆品蛋类,面点,年糕片,斤,斤
95,水产冻货,半成品,安井猪肉三鲜馄饨,16包/箱,箱
96,水产冻货,半成品,安井猪肉三鲜馄饨,500g/包,包
97,厨房用品,洗涤用品,平拖把(90cm),把,把
98,调料干货,调味汁,清沫芝麻油,2.6L桶,桶
99,调料干货,调味酱,芝麻酱（450g）,450g/瓶,瓶
100,新鲜蔬果,叶菜类,青仔,斤,斤
101,厨房用品,日用品,带包装餐巾纸,20斤/包,包
102,水产冻货,半成品,安井霞糕,2.5kg*4/件,件
103,水产冻货,半成品,安井霞糕,2.5kg/包,包
104,水产冻货,半成品,宁波汤圆,1斤/包,包
105,调料干货,干货,蜜枣,斤（湿),斤
106,调料干货,干货,蜜枣,斤,斤
107,调料干货,干货,烤麸干,4斤/袋,袋
108,厨房用品,厨用刀具,透明四格餐盒,150套/箱,箱
109,厨房用品,厨用刀具,透明四格餐盒,150套/箱（均分四格）,箱
110,厨房用品,厨用刀具,透明四格餐盒,150套（大号加厚）/箱,箱
111,厨房用品,厨用刀具,黑底五格菜盒,150套/箱,箱
112,调料干货,干货,白芷,斤,斤
113,肉类,冷鲜猪肉,【冷鲜】带脊背五花肉,肉片/斤,斤
114,肉类,冷鲜猪肉,【冷鲜】带脊背五花肉,斤,斤
115,水产冻货,半成品,金锣火腿肠,70克*50根/箱,箱
116,烧腊类,腊味,咸鸭边腿,16斤/件,件
117,调料干货,香辛料,草果,斤,斤
118,厨房用品,厨用刀具,锅铲头,把,把
119,水产冻货,冻鸡鸭,冻三黄鸡,19斤/件,件
120,厨房用品,洗涤用品,密胺去渍粉,包,包
121,调料干货,调味粉,惠美家食用盐,500g*40/件,件
122,调料干货,调味粉,惠美家食用盐,500g/包,包
123,调料干货,调味粉,五香粉,500g/包,包
124,调料干货,干货,干莲子,斤,斤
125,新鲜蔬果,菌类,鹿茸菇,斤,斤
126,厨房用品,厨用刀具,保鲜膜,35cm 400m/卷,卷
127,厨房用品,厨用刀具,保鲜膜,45cm 400m/卷,卷
128,厨房用品,厨用刀具,保鲜膜,60cm 400m/卷,卷
129,水产冻货,半成品,油渣,斤,斤
130,米油杂粮,面粉类,五得利面粉,10斤/包,包
131,调料干货,调味酱,腐乳,500g/瓶,瓶
132,水产冻货,冻鸡鸭,鸭肉卷,5kg/件,件
133,豆品蛋类,面点,元宵,斤,斤
134,新鲜蔬果,新鲜水果,哈密瓜,斤,斤
135,水产冻货,半成品,安井北海翅鱼条,2.5kg*4/件,件
136,水产冻货,半成品,安井北海翅鱼条,2.5kg/包,包
137,禽类,鲜乳鸽,热鲜乳鸽,约0.4kg/个,个
138,厨房用品,厨用刀具,500透明方形饭盒,300个/箱,箱
139,水产冻货,半成品,安井香菇贡丸,2.5kg*4/件,件
140,水产冻货,半成品,安井香菇贡丸,2.5kg/包,包
141,饮品,饮品,菠萝罐头,460g*12/件,件
142,饮品,饮品,菠萝罐头,460g/瓶,瓶
143,厨房用品,洗涤用品,去污粉,218g*20/件,件
144,厨房用品,洗涤用品,去污粉,218g/包,包
145,水产冻货,半成品,玉米粒（冻）,斤,斤
146,水产冻货,半成品,酒酿,盒,盒
147,水产冻货,半成品,牙签肉,900g*10包/箱,箱
148,水产冻货,半成品,牙签肉,900g/包,包
149,调料干货,调味酱,酸菜鱼佐料,300g/包,包
150,调料干货,调味酱,干锅酱,500克/瓶,瓶
151,豆品蛋类,面点,面疙瘩,斤,斤
152,调料干货,酱腌菜,金玉满堂,约4kg/件,件
153,肉类,猪肉类,鲜肥肠,斤,斤
154,调料干货,调味酱,黄灯笼椒酱,510g*12瓶/件,件
155,调料干货,调味酱,恒星豆瓣酱6kg,约6kg/件,件
156,豆品蛋类,包点,普通水饺,2.5kg/包,包
157,新鲜蔬果,豆类,毛豆米,斤,斤
158,厨房用品,厨用刀具,两分格餐盒（1000ml）,50个/条,条
159,厨房用品,厨用刀具,两分格餐盒（1000ml）,150套/件,件
160,水产冻货,冻鸡鸭,冻鸡肉丁,约10kg/件,箱
161,新鲜蔬果,新鲜水果,水果黄瓜,斤,斤
162,饮品礼品,饮品,蒙牛风味酸牛奶,90g*96杯/箱,箱
163,调料干货,调味酱,海天烹饪黄豆酱6kg,6kg*2/件,件
164,调料干货,调味酱,海天烹饪黄豆酱6kg,桶,桶
165,肉类,冷鲜猪肉,【冷鲜】猪腰,个,个
166,豆品蛋类,豆制品,豆浆粉,750g/包,包
167,调料干货,粉面类,大碗面,约3.5kg/件,件
168,米油杂粮,面粉类,原麦粉,斤,斤
169,调料干货,干货,虾皮,斤,斤
170,厨房用品,厨用刀具,一次性筷子,约75双*20/件,件
171,厨房用品,厨用刀具,一次性筷子,约75双/包,包
172,水产冻货,半成品,冻蚕豆米,斤,斤
173,厨房用品,厨用刀具,一次性方盒（750ml）,50个/条,条
174,厨房用品,厨用刀具,一次性方盒（750ml）,750ML*300套/件,件
175,厨房用品,洗涤用品,棉纱手套,包,包
176,水产冻货,冻猪肉,【冷冻】排骨粒,2.5kg*4/件,件
177,水产冻货,冻猪肉,【冷冻】排骨粒,2.5kg/包,包
178,烧腊类,卤烤熟食,酱鸭,斤,斤
179,烧腊类,卤烤熟食,酱鸭,约2.5斤/只,只
180,水产冻货,海鲜,花甲,斤,斤
181,厨房用品,洗涤用品,一次性手套,100个*10包/捆,捆
182,厨房用品,厨用刀具,刨丝刀,刨丝刀（粗）,把
183,厨房用品,厨用刀具,刨丝刀,刨丝刀（细）,把
184,豆品蛋类,蛋类,去皮鹌鹑蛋,斤,斤
185,肉类,冷鲜猪肉,【冷鲜】杂排块,斤,斤
186,调料干货,调味粉,麻辣鲜,46克*22包/袋,袋
187,调料干货,调味粉,麻辣鲜,46克/包,包
188,肉类,猪肉类,鲜猪腰,个,个
189,水产冻货,冻鸡鸭,鸡上腿,10kg/箱,箱
190,禽类,鲜鸭鹅,鲜鸭胗,斤,斤
191,厨房用品,厨用刀具,280一次性汤杯不带盖,100个/条,条
192,厨房用品,厨用刀具,长锅铲柄（木）,1.2/根,根
193,厨房用品,洗涤用品,防水围裙,条,条
194,烧腊类,腊味,咸五花肉,斤,斤
195,厨房用品,洗涤用品,大号胶手套,双,双
196,调料干货,香辛料,香叶,斤,斤
197,豆品蛋类,面点,新鲜米线,斤,斤
198,新鲜蔬果,豆类,毛豆,斤,斤
199,厨房用品,厨用刀具,一次性450带盖汤碗,450套/箱,箱
200,新鲜蔬果,新鲜水果,香蕉,斤,斤
201,禽类,鲜鸭鹅,鸭肝,斤,斤
202,厨房用品,厨用刀具,食品夹子,（中）/把,把
203,禽类,鲜鸭鹅,鲜仔鹅,斤,斤
204,禽类,鲜鸭鹅,鲜仔鹅,鲜仔鹅块/斤,斤
205,肉类,冷鲜猪肉,【冷鲜】猪板油,斤,斤
206,烧腊类,腊味,腊肉,优/斤,斤
207,烧腊类,腊味,腊肉,普/斤,斤
208,烧腊类,腊味,江门香肠,2.5kg*4/件,件
209,烧腊类,腊味,江门香肠,4.5kg/件,件
210,调料干货,香辛料,桂皮,斤,斤
211,米油杂粮,面粉类,玉米淀粉,25kg/包,包
212,米油杂粮,面粉类,玉米淀粉,斤,斤
213,水产冻货,鲜水产类,鲜活牛蛙(不杀),斤,斤
214,禽类,鲜鸭鹅,【热鲜】老鸭,斤,斤
215,禽类,鲜鸭鹅,【热鲜】老鹅,斤,斤
216,禽类,鲜鸭鹅,【热鲜】老鹅,老鹅块/斤,斤
217,烧腊类,卤烤熟食,盐水鸭,约2.5斤/只,只
218,新鲜蔬果,新鲜水果,玉菇甜瓜,斤(10kg起送),斤
219,新鲜蔬果,新鲜水果,玉菇甜瓜,斤,个
220,新鲜蔬果,菌类,鲜虫草花,斤,斤
221,新鲜蔬果,茄果类,美人椒,斤,斤
222,厨房用品,厨用刀具,蔬果削皮刀,把,把
223,新鲜蔬果,豆类,扁豆,斤,斤
224,水产冻货,冻猪肉,【冷冻】五花肉片,2.5kg*4/件,件
225,水产冻货,冻猪肉,【冷冻】五花肉片,2.5kg/包,包
226,豆品蛋类,蛋类,大皮蛋,斤,斤
227,肉类,牛羊肉类,鲜牛排骨,斤,斤
228,豆品蛋类,面点,手指年糕,斤,斤
229,水产冻货,鲜水产类,鲜活泥鳅,斤,斤
230,米油杂粮,面粉类,五得利六星超精面粉,25kg/包,包
231,新鲜蔬果,豆类,四季豆,斤,斤
232,豆品蛋类,豆制品,驼粉,斤,斤
233,禽类,鲜鸭鹅,【热鲜】飞鸭,斤,斤
234,厨房用品,日用品,垃圾袋（120*140cm）,50个/包,包
235,肉类,牛羊肉类,鲜羊腿,斤,斤
236,调料干货,酱腌菜,酸菜王,2斤*10包/箱,箱
237,调料干货,酱腌菜,酸菜王,包,包
238,新鲜蔬果,新鲜水果,苹果,75#,斤
239,新鲜蔬果,新鲜水果,苹果,80#,斤
240,新鲜蔬果,新鲜水果,苹果,90#,斤
241,肉类,猪肉类,鲜猪肝,切片/斤,斤
242,肉类,猪肉类,鲜猪肝,斤,斤
243,调料干货,调味粉,绵糖,50kg/包,包
244,调料干货,调味粉,绵糖,斤,斤
245,米油杂粮,面粉类,玉米面粉,斤,斤
246,饮品,饮品,营养快线,500g*15瓶/件,件
247,厨房用品,厨用刀具,砍刀,把,把
248,调料干货,香辛料,八角,斤,斤
249,肉类,冷鲜猪肉,【冷鲜】猪心,斤,斤
250,厨房用品,厨用刀具,菜刀,把,把
251,米油杂粮,面粉类,五得利五星特精面粉,斤,斤
252,米油杂粮,面粉类,五得利五星特精面粉,25kg/包,包
253,新鲜蔬果,茄果类,小米辣,斤,斤
254,肉类,冷鲜猪肉,【冷鲜】猪肝,斤,斤
255,厨房用品,洗涤用品,白猫洗洁精,5kg*4/件,件
256,厨房用品,洗涤用品,白猫洗洁精,5kg/瓶,瓶
257,饮品,饮品,脉动,600ml*15瓶/件,件
258,肉类,猪肉类,鲜猪肚,斤,斤
259,禽类,鲜鸭鹅,【热鲜】肉鸭,斤,斤
260,烧腊类,腊味,川味麻辣肠,斤,斤
261,烧腊类,腊味,川味麻辣肠,斤（优）,斤
262,豆品蛋类,面点,大年糕,斤,斤
263,禽类,鲜鸭鹅,【热鲜】麻鸭,斤,斤
264,新鲜蔬果,新鲜水果,油桃,斤（约3个）,斤
265,新鲜蔬果,新鲜水果,油桃,斤（约5个）,斤
266,水产冻货,半成品,黑椒牛仔骨,80G*25片/包,包
267,水产冻货,半成品,黑椒牛仔骨,400克/包 20包/箱,件
268,米油杂粮,米类,元宝牌珍珠米,25kg/包,包
269,肉类,牛羊肉类,热鲜牛外里脊肉（牛扒肉）,斤,斤
270,豆品蛋类,包点,白馒头,个,个
271,新鲜蔬果,菌类,水发青豆,斤,斤
272,调料干货,香辛料,红花椒,斤,斤
273,调料干货,香辛料,青花椒,斤,斤
274,新鲜蔬果,豆类,青豆角（长豆）,斤,斤
275,新鲜蔬果,豆类,青豆角（长豆）,斤（精品）,斤
276,调料干货,调味酱,张氏记蒸鱼青剁椒酱,1.2kg/瓶,瓶
277,调料干货,调味酱,张氏记蒸鱼青剁椒酱,1.15kg*6瓶/件,件
278,调料干货,香辛料,孜然粉,斤,斤
279,调料干货,调味粉,百钻泡打粉,1kg*10/件,件
280,调料干货,调味粉,百钻泡打粉,1kg/包,包
281,新鲜蔬果,新鲜水果,毛桃,斤/约3个,斤
282,新鲜蔬果,新鲜水果,毛桃,斤/约4-5个,斤
283,厨房用品,洗涤用品,嘉劲宝洗涤剂（优）,20kg/桶,桶
284,厨房用品,洗涤用品,嘉劲宝洗涤剂（普）,20kg/桶,桶
285,新鲜蔬果,茄果类,圆椒,斤,斤
286,调料干货,调味酱,红剁椒,2千克*6桶/板,板
287,烧腊类,腊味,咸腿肉,斤,斤
288,调料干货,酱腌菜,红油笋丝,约8斤/袋,袋
289,肉类,牛羊肉类,鲜牛腿肉,斤,斤
290,豆品蛋类,豆制品,维扬干丝,4斤/包,斤
291,肉类,冷鲜猪肉,【冷鲜】蹄髈,斤,斤
292,肉类,冷鲜猪肉,【冷鲜】蹄髈,砍块/斤,斤
293,烧腊类,腊味,腊鸭腿,约10KG/件,件
294,烧腊类,腊味,腊鸭腿,斤,斤
295,调料干货,香辛料,白胡椒粉,斤,斤
296,调料干货,干货,紫菜,斤（普）,斤
297,调料干货,干货,紫菜,10饼/袋,袋
298,调料干货,干货,紫菜,优/斤,斤
299,新鲜蔬果,豆类,带壳蚕豆,斤,斤
300,饮品,饮品,盼盼冰红茶250ml,24盒/箱,箱
301,肉类,牛羊肉类,鲜牛腩,优/斤,斤
302,肉类,牛羊肉类,鲜牛腩,普/斤,斤
303,调料干货,调味粉,淮盐,500g*40包/件,件
304,调料干货,调味粉,淮盐,500g/包,包
305,新鲜蔬果,葱姜蒜,蒜头,斤,斤
306,调料干货,香辛料,狮牌吉士粉,300G/罐,罐
307,新鲜蔬果,根茎类,带叶红萝卜,斤,斤
308,豆品蛋类,蛋类,白壳土鸡蛋,12板/件（净重约40斤）,件
309,豆品蛋类,蛋类,白壳土鸡蛋,30个/板,板
310,新鲜蔬果,新鲜水果,沃柑,斤,斤
311,肉类,冷鲜猪肉,【冷鲜】脚圈块,斤,斤
312,调料干货,粉面类,康师傅劲爽拉面 香辣牛肉味,98g*12桶/件,件
313,新鲜蔬果,菌类,湿海带结（水发海带结）,优/斤,斤
314,米油杂粮,米类,长粒香大米（五常稻香米）,25kg/包,包
315,新鲜蔬果,叶菜类,红薯叶,斤,斤
316,豆品蛋类,面点,鲜细面,斤,斤
317,水产冻货,冻海鲜水产,冻带鱼段,约8kg/件（7-9）,件
318,水产冻货,冻海鲜水产,冻带鱼段,约8kg/件（8-10）,件
319,水产冻货,冻鸡鸭,鸭全翅,约10kg/箱,箱
320,水产冻货,冻鸡鸭,鸭全翅,斤,斤
321,水产冻货,半成品,原味手抓饼,900g*8包/件,箱
322,水产冻货,半成品,原味手抓饼,900g/包,包
323,肉类,猪肉类,鲜猪心,斤,斤
324,禽类,鲜鸭鹅,【冷鲜】光鸭,斤,斤
325,水产冻货,冻海鲜水产,青占鱼（青川鱼）,约10kg/箱（约70条）,箱
326,新鲜蔬果,新鲜水果,脐橙,斤,斤
327,饮品,饮品,王老吉,310ml*24罐/件,件
328,调料干货,粉面类,康师傅劲爽拉面 酸菜牛肉味,109g*12桶/件,件
329,豆品蛋类,包点,香辣粉丝包,800g*10包/件,件
330,豆品蛋类,包点,香辣粉丝包,12个/包,包
331,豆品蛋类,面点,鲜刀削面,斤,斤
332,肉类,牛羊肉类,碎牛肉,斤,斤
333,新鲜蔬果,葱姜蒜,蒜米,斤,斤
334,新鲜蔬果,葱姜蒜,紫苏叶,斤,斤
335,肉类,冷鲜猪肉,【冷鲜】肋排骨（仔排）,斤,斤
336,肉类,冷鲜猪肉,【冷鲜】肋排骨（仔排）,斤(砍块),斤
337,新鲜蔬果,新鲜水果,圣女果,斤,斤
338,新鲜蔬果,根茎类,芦笋,斤,斤
339,豆品蛋类,蛋类,鲜鸡蛋,12板/件（净重约40斤）,件
340,豆品蛋类,蛋类,鲜鸡蛋,12板/件（约43斤）,件
341,豆品蛋类,蛋类,鲜鸡蛋,30个/板,板
342,饮品,饮品,康师傅冰红茶250ml,24盒/箱,箱
343,调料干货,酱腌菜,清水笋丝,6包/箱,箱
344,调料干货,酱腌菜,清水笋丝,5斤/包,包
345,调料干货,干货,黑芝麻,斤,斤
346,禽类,鲜鸭鹅,【冷鲜】光鸭块,斤,斤
347,新鲜蔬果,新鲜水果,柠檬,2个/包,包
348,调料干货,调味粉,小苏打,250g*20/件,件
349,调料干货,调味粉,小苏打,750g/包,包
350,新鲜蔬果,新鲜水果,西瓜甜王,斤（6.5kg起送）,斤
351,米油杂粮,米类,元宝盘锦米,25kg/包,包
352,调料干货,干货,红枣,斤,斤
353,水产冻货,半成品,蒸煎饺,1kg*10/件,件
354,水产冻货,半成品,蒸煎饺,1kg/包,包
355,新鲜蔬果,葱姜蒜,枸杞叶,斤,斤
356,水产冻货,鲜水产类,昂刺鱼,斤/(约4-6条),斤
357,调料干货,粉面类,康师傅劲爽拉面 红烧牛肉味,101g*12桶/件,件
358,新鲜蔬果,葱姜蒜,生姜,斤,斤
359,新鲜蔬果,菌类,湿海带丝（水发海带丝）,斤,斤
360,新鲜蔬果,茄果类,红椒,斤,斤
361,肉类,冷鲜猪肉,【冷鲜】大里脊,斤,斤
362,肉类,冷鲜猪肉,【冷鲜】大里脊,肉片/斤,斤
363,调料干货,调味汁,海天天赐良谷纯芝麻香油,6瓶/件,件
364,调料干货,调味汁,海天天赐良谷纯芝麻香油,400ml/瓶,桶
365,豆品蛋类,包点,香菇青菜包,80g*10个*10包/件,件
366,豆品蛋类,包点,香菇青菜包,80g*10个/包,包
367,烧腊类,腊味,咸鸭腿,9.5KG/件,件
368,烧腊类,腊味,咸鸭腿,斤,斤
369,调料干货,香辛料,辣椒粉,优粗/斤,斤
370,调料干货,香辛料,辣椒粉,优细/斤,斤
371,调料干货,香辛料,辣椒粉,普粗/斤,斤
372,调料干货,香辛料,辣椒粉,普细/斤,斤
373,肉类,冷鲜猪肉,【冷鲜】去颈通排,斤,斤
374,肉类,冷鲜猪肉,【冷鲜】去颈通排,砍块/斤,斤
375,调料干货,调味粉,天目湖味精,2kg/袋,袋
376,新鲜蔬果,葱姜蒜,香葱（小葱）,斤,斤
377,饮品礼品,饮品,尖叫,550ml*15瓶/箱,箱
378,新鲜蔬果,菌类,湿木耳（水发木耳）,斤,斤
379,厨房用品,洗涤用品,男水鞋,41码/双,双
380,厨房用品,洗涤用品,男水鞋,42码/双,双
381,厨房用品,洗涤用品,男水鞋,43码/双,双
382,厨房用品,洗涤用品,男水鞋,44码/双,双
383,禽类,鲜鸡,鲜鸡胗,斤,斤
384,豆品蛋类,面点,土豆粉,350g/包,包
385,饮品,饮品,小怡宝纯净水350ml,350ml*24/件,件
386,调料干货,调味粉,福瑞味精,50斤/包,包
387,厨房用品,洗涤用品,女水鞋,37码/双,双
388,厨房用品,洗涤用品,女水鞋,38码/双,双
389,厨房用品,洗涤用品,女水鞋,39码/双,双
390,厨房用品,洗涤用品,女水鞋,40码/双,双
391,调料干货,香辛料,辣椒节,优/斤,斤
392,调料干货,香辛料,辣椒节,普/斤,斤
393,肉类,冷鲜猪肉,【冷鲜】带颈通排,斤,斤
394,肉类,冷鲜猪肉,【冷鲜】带颈通排,砍块/斤,斤
395,调料干货,调味汁,恒顺香醋1.75L,1.75L*6桶/件,件
396,调料干货,调味汁,恒顺香醋1.75L,1.75L/桶,桶
397,调料干货,酱腌菜,酸豆角（固形物≥30%）,1kg*10包/件,件
398,调料干货,酱腌菜,酸豆角（固形物≥30%）,1kg/包,包
399,米油杂粮,食用油,中粮福掌柜菜籽油20L,20L/桶,桶
400,调料干货,调味汁,恒顺陈醋,1.75L*6桶/件,件
401,调料干货,调味汁,恒顺陈醋,1.75L/桶,桶
402,肉类,猪肉类,猪板油,切块/斤,斤
403,肉类,猪肉类,猪板油,斤,斤
404,厨房用品,洗涤用品,钢丝球,12个/包,包
405,厨房用品,洗涤用品,钢丝球,个,个
406,调料干货,调味粉,脆皮炸鸡裹粉,1kg*10包/件,件
407,调料干货,调味粉,脆皮炸鸡裹粉,1Kg/包,包
408,厨房用品,洗涤用品,锅刷,把,把
409,肉类,冷鲜猪肉,【冷鲜】去颈前排,斤,斤
410,肉类,冷鲜猪肉,【冷鲜】去颈前排,砍块/斤,斤
411,调料干货,调味汁,恒顺陈醋,500ml*12瓶/箱,箱
412,调料干货,调味汁,恒顺陈醋,500ml/瓶,瓶
413,水产冻货,鲜水产类,黑鱼,斤（1斤以上）,斤
414,水产冻货,鲜水产类,黑鱼,斤（3斤以上）,斤
415,禽类,鲜鸡,鲜鸡心,斤,斤
416,新鲜蔬果,豆类,刀豆,斤,斤
417,新鲜蔬果,豆类,刀豆,斤（精品）,斤
418,水产冻货,半成品,雪花鸡柳,9kg/件,件
419,水产冻货,半成品,雪花鸡柳,0.9kg/包,包
420,新鲜蔬果,菌类,水发笋片,斤,斤
421,水产冻货,海鲜,冰鲜鲈鱼,斤,斤
422,肉类,冷鲜猪肉,【冷鲜】带颈前排,斤,斤
423,肉类,冷鲜猪肉,【冷鲜】带颈前排,砍块/斤,斤
424,饮品礼品,饮品,特仑苏纯牛奶,250毫升*12盒,提
425,豆品蛋类,面点,馄饨皮,大馄饨皮,斤
426,豆品蛋类,面点,馄饨皮,小馄饨皮,斤
427,禽类,鲜鸡,鲜鸡肝,斤,斤
428,豆品蛋类,豆制品,豆渣饼,斤,斤
429,调料干货,调味汁,恒顺白醋1.75L,1.75L*6桶/件,件
430,调料干货,调味汁,恒顺白醋1.75L,1.75L/桶,桶
431,调料干货,调味汁,恒顺白醋,500ml*12瓶/件,件
432,调料干货,调味汁,恒顺白醋,500ml/瓶,瓶
433,调料干货,调味粉,莲花味精,1kg*10/件,件
434,调料干货,调味粉,莲花味精,1kg/包,包
435,新鲜蔬果,叶菜类,白杆空心菜,精品/斤,斤
436,新鲜蔬果,叶菜类,白杆空心菜,斤,斤
437,豆品蛋类,面点,饺子皮,斤,斤
438,米油杂粮,食用油,金龙鱼菜籽油,5L/桶,桶
439,水产冻货,冻鸡鸭,冻鸭翅根,约8.8kg/件,件
440,水产冻货,冻鸡鸭,冻鸭翅根,约10kg/件,件
441,水产冻货,冻鸡鸭,冻鸭翅根,约4-5个/斤,斤
442,肉类,冷鲜猪肉,【冷鲜】龙骨,斤,斤
443,肉类,冷鲜猪肉,【冷鲜】龙骨,砍块/斤,斤
444,调料干货,干货,梅菜干（梅干菜）,斤,斤
445,新鲜蔬果,菌类,口蘑,斤,斤
446,厨房用品,厨用刀具,捞篱（30cm）,个,个
447,水产冻货,海鲜,鲜虾（基围虾）,斤(中虾),斤
448,水产冻货,海鲜,鲜虾（基围虾）,斤(大虾),斤
449,水产冻货,海鲜,鲜虾（基围虾）,斤(小虾),斤
450,水产冻货,冻猪肉,熟猪头肉,10包/件,件
451,水产冻货,冻猪肉,熟猪头肉,1kg/包,包
452,烧腊类,腊味,红腊鸡腿,3kg/件,件
453,烧腊类,腊味,红腊鸡腿,斤,斤
454,烧腊类,腊味,白腊鸡腿,约3kg/件,件
455,烧腊类,腊味,白腊鸡腿,斤,斤
456,新鲜蔬果,叶菜类,球生菜,斤,斤
457,调料干货,调味酱,甜面酱,800g/瓶,瓶
458,肉类,冷鲜猪肉,【冷鲜】扇子骨,斤,斤
459,肉类,冷鲜猪肉,【冷鲜】扇子骨,砍块/斤,斤
460,米油杂粮,面粉类,超级生粉,4kg/包,包
461,水产冻货,鲜水产类,鲫鱼,条(约0.8斤),条
462,水产冻货,鲜水产类,鲫鱼,斤（0.5斤以上）,斤
463,水产冻货,鲜水产类,鲫鱼,斤（1斤以上）,斤
464,豆品蛋类,面点,云吞皮,斤,斤
465,水产冻货,冻鸡鸭,冻鸭边腿,9.5kg/件,件
466,水产冻货,冻鸡鸭,冻鸭边腿,约7kg/件,件
467,水产冻货,冻鸡鸭,冻鸭边腿,斤,斤
468,新鲜蔬果,菌类,鲜香菇,优/斤,斤
469,新鲜蔬果,菌类,鲜香菇,普/斤,斤
470,厨房用品,洗涤用品,方毛巾,块,块
471,调料干货,调味汁,家乐黑胡椒汁,2.3kg*6桶/件,件
472,调料干货,调味汁,家乐黑胡椒汁,2.3kg/桶,桶
473,豆品蛋类,豆制品,牛筋干,斤,斤
474,水产冻货,半成品,雪花鸡排,1kg*10/件,件
475,水产冻货,半成品,雪花鸡排,1kg/包,包
476,水产冻货,冻海鲜水产,鲢鱼块（调理鱼块）,斤,斤
477,水产冻货,冻海鲜水产,鲢鱼块（调理鱼块）,10kg/件,件
478,烧腊类,卤烤熟食,烤鸭（不带卤汁）,优/斤,斤
479,烧腊类,卤烤熟食,烤鸭（不带卤汁）,约1.8斤/只,只
480,烧腊类,卤烤熟食,烤鸭（不带卤汁）,约2.5斤/只,只
481,禽类,鲜鸡,鲜鸡腿,约58个/件,件
482,禽类,鲜鸡,鲜鸡腿,约77个/件,件
483,禽类,鲜鸡,鲜鸡腿,斤,斤
484,调料干货,调味汁,海天上等蚝油520g,520g*12瓶/件,件
485,新鲜蔬果,菌类,鲜秀珍菇,斤,斤
486,豆品蛋类,包点,鲜汁肉包,10包/件,件
487,豆品蛋类,包点,鲜汁肉包,800g/包（10个）,包
488,水产冻货,冻鸡鸭,冻鸡胗,0.9kg*10包/件,件
489,水产冻货,冻鸡鸭,冻鸡胗,0.9kg/包,包
490,肉类,冷鲜猪肉,【冷鲜】大骨,斤,斤
491,肉类,冷鲜猪肉,【冷鲜】大骨,砍块/斤,斤
492,新鲜蔬果,叶菜类,马兰头,普/斤,斤
493,新鲜蔬果,叶菜类,马兰头,斤,斤
494,豆品蛋类,面点,鲜凉面,斤,斤
495,新鲜蔬果,菌类,鲜茶树菇,斤,斤
496,豆品蛋类,面点,鲜油面（炒面）,斤,斤
497,水产冻货,冻海鲜水产,巴沙带皮鱼柳,10kg/件（去皮8成）,件
498,饮品,饮品,安慕希（黄桃酸奶）,200g*10/提,提
499,肉类,冷鲜猪肉,【冷鲜】大排片,斤,斤
500,豆品蛋类,包点,韭菜盒子,2.4kg*4包/箱,箱
501,豆品蛋类,包点,韭菜盒子,2.4kg/包,包
502,米油杂粮,食用油,元宝大豆油20L,20L/桶,桶
503,调料干货,调味汁,花椒油,360ml*12/件,件
504,调料干货,调味汁,花椒油,瓶,瓶
505,调料干货,粉面类,康师傅香辣牛肉面,126克*12桶/件,件
506,饮品,饮品,娃哈哈AD钙奶,220克*24瓶/箱,箱
507,肉类,冷鲜猪肉,【冷鲜】正五花肉,斤,斤
508,豆品蛋类,面点,手工面条,斤,斤
509,水产冻货,鲜水产类,草鱼,切片/斤,斤
510,水产冻货,鲜水产类,草鱼,斤(4斤以上),斤
511,水产冻货,鲜水产类,草鱼,斤（7斤以上）,斤
512,水产冻货,冻鸡鸭,冻鸡爪,约9kg/件,件
513,水产冻货,冻鸡鸭,冻鸡爪,斤,斤
514,新鲜蔬果,菌类,鲜木耳,斤,斤
515,米油杂粮,食用油,中粮福之泉大豆油20L,20L/桶,桶
516,新鲜蔬果,菌类,白玉菇,150g/盒,盒
517,新鲜蔬果,菌类,白玉菇,斤,斤
518,豆品蛋类,豆制品,凉粉,约12斤/盒,盒
519,米油杂粮,杂粮类,白芝麻,斤,斤
520,米油杂粮,食用油,福临门非转大豆油10L,10L/桶,桶
521,调料干货,粉面类,白象经典红烧牛肉面,107克*12桶/件,件
522,水产冻货,鲜水产类,花鲢,斤（约3斤）,1
523,水产冻货,鲜水产类,花鲢,斤,斤
524,豆品蛋类,包点,金麦流沙包,300g*12包/件,件
525,豆品蛋类,包点,金麦流沙包,300g/包（10个）,包
526,水产冻货,预制菜,冻梅菜扣肉,2.5kg*4/件,件
527,水产冻货,预制菜,冻梅菜扣肉,2.5kg/板,板
528,米油杂粮,杂粮类,糯米,24.75kg/包,包
529,米油杂粮,杂粮类,糯米,25kg/件,件
530,米油杂粮,杂粮类,糯米,斤,斤
531,水产冻货,鲜水产类,花鲢鱼头,斤,斤
532,新鲜蔬果,菌类,鲜海鲜菇,斤,斤
533,豆品蛋类,面点,鲜扁面条,斤,斤
534,调料干货,干货,豆皮,约4kg/包,包
535,厨房用品,日用品,垃圾袋(80*90cm),10扎*1kg/件,件
536,厨房用品,日用品,垃圾袋(80*90cm),约50个/扎,扎
537,肉类,冷鲜猪肉,【冷鲜】五花大肉片,斤,斤
538,米油杂粮,杂粮类,小米,斤,斤
539,厨房用品,日用品,垃圾袋(100*120cm),10扎*1.7kg/件,件
540,厨房用品,日用品,垃圾袋(100*120cm),约50个/扎,扎
541,水产冻货,冻鸡鸭,冻鸡胸,约10kg/件,件
542,水产冻货,冻鸡鸭,冻鸡胸,优/斤,斤
543,调料干货,干货,干肉皮,斤,斤
544,水产冻货,鲜水产类,鱼尾,斤,斤
545,调料干货,干货,腐竹,约2kg/包,包
546,调料干货,干货,腐竹,斤,斤
547,厨房用品,日用品,垃圾袋（50*60cm）,30个*10卷/包,包
548,水产冻货,鲜水产类,白鲢鱼,斤,斤
549,水产冻货,鲜水产类,白鲢鱼,斤(约3斤),斤
550,豆品蛋类,面点,手工拉面,粗/斤,斤
551,豆品蛋类,面点,手工拉面,细/斤,斤
552,饮品,饮品,大东鹏特饮500ml,500ml*24/件,件
553,新鲜蔬果,菌类,蟹味菇,斤,斤
554,豆品蛋类,豆制品,横山桥百叶,斤,斤
555,米油杂粮,食用油,金龙鱼非转大豆油10L,10L/桶,桶
556,米油杂粮,杂粮类,八宝米,斤,斤
557,新鲜蔬果,菌类,鲜平菇,斤,斤
558,饮品礼品,礼品,肉粽（预售）,150g*60个/件,件
559,饮品礼品,礼品,肉粽（预售）,个,个
560,调料干货,粉面类,红薯粉丝,优/斤,斤
561,调料干货,粉面类,红薯粉丝,5kg/袋,袋
562,豆品蛋类,面点,鲜河粉,斤,斤
563,米油杂粮,食用油,金龙鱼非转大豆油5L,5L/桶,桶
564,水产冻货,冻鸡鸭,冻鸡中翅,1kg*10包/件,件
565,水产冻货,冻鸡鸭,冻鸡中翅,1kg/包,包
566,饮品,饮品,康师傅鲜果橙,1L*12瓶/箱,箱
567,肉类,冷鲜猪肉,【冷鲜】瘦肉,斤,斤
568,肉类,冷鲜猪肉,【冷鲜】瘦肉,肉丝/斤,斤
569,肉类,冷鲜猪肉,【冷鲜】瘦肉,肉块/斤,斤
570,肉类,冷鲜猪肉,【冷鲜】瘦肉,肉片/斤,斤
571,水产冻货,半成品,黄焖鸡块,约10kg/箱,箱
572,调料干货,酱腌菜,东北酸菜,10kg/件,件
573,新鲜蔬果,茄果类,皱皮椒,斤,斤
574,调料干货,酱腌菜,香甜脆瓜,4kg/件,件
575,新鲜蔬果,茄果类,红线椒,斤,斤
576,豆品蛋类,面点,凉皮,斤,斤
577,禽类,鲜鸡,【热鲜】乌鸡,斤,斤
578,豆品蛋类,包点,爆浆糍粑,300g*12包/件,件
579,豆品蛋类,包点,爆浆糍粑,300g/包（10个）,包
580,米油杂粮,杂粮类,红豆,约23.5kg/包,包
581,米油杂粮,杂粮类,红豆,斤,斤
582,水产冻货,冻猪肉,【冷冻】带皮五花肉,2.5kg/包,包
583,水产冻货,冻猪肉,【冷冻】带皮五花肉,10kg/件,件
584,调料干货,调味酱,麻辣鱼佐料酱,310g*20/件,件
585,调料干货,调味酱,麻辣鱼佐料酱,3kg/桶,桶
586,调料干货,干货,干木耳,优/斤,斤
587,调料干货,干货,干木耳,普/斤,斤
588,肉类,冷鲜猪肉,【冷鲜】去皮后腿肉,斤,斤
589,肉类,冷鲜猪肉,【冷鲜】去皮后腿肉,肉丝/斤,斤
590,肉类,冷鲜猪肉,【冷鲜】去皮后腿肉,肉片/斤,斤
591,豆品蛋类,豆制品,百叶结,斤,斤
592,水产冻货,冻鸡鸭,冻鸡翅尖,1kg*10包/件,件
593,水产冻货,冻鸡鸭,冻鸡翅尖,1kg/包,包
594,新鲜蔬果,新鲜水果,红香酥梨,斤,斤
595,新鲜蔬果,菌类,鲜金针菇,斤,斤
596,豆品蛋类,面点,粉皮,斤,斤
597,调料干货,调味酱,张氏记红剁椒,2千克*6桶/板,板
598,新鲜蔬果,菌类,鲜杏鲍菇,斤（大）,斤
599,新鲜蔬果,菌类,鲜杏鲍菇,斤（小）,斤
600,豆品蛋类,豆制品,薄百叶（老百叶）,斤,斤
601,豆品蛋类,包点,红糖发糕,400g*16包/件,件
602,豆品蛋类,包点,红糖发糕,包,包
603,新鲜蔬果,茄果类,螺丝椒,斤,斤
604,禽类,鲜鸡,【热鲜】清远土鸡,斤,斤
605,调料干货,酱腌菜,雪菜,7kg/件,件
606,调料干货,酱腌菜,雪菜,约4.5kg/件,件
607,水产冻货,冻鸡鸭,乇乇肉（去骨鸡腿肉）,6包/件,件
608,水产冻货,冻鸡鸭,乇乇肉（去骨鸡腿肉）,约2kg*6包/件,件
609,水产冻货,冻鸡鸭,乇乇肉（去骨鸡腿肉）,约2kg/包,包
610,禽类,鲜鸡,【热鲜】老母鸡,斤,斤
611,水产冻货,冻猪肉,咸猪手,14个/15kg/件,件
612,水产冻货,冻猪肉,咸猪手,个,个
613,调料干货,干货,干豆角,斤,斤
614,水产冻货,冻猪肉,【冷冻】猪脚粒,2.5kg/包,包
615,水产冻货,冻猪肉,【冷冻】猪脚粒,10kg/件,件
616,米油杂粮,杂粮类,绿豆,约19kg/包,包
617,米油杂粮,杂粮类,绿豆,斤,斤
618,饮品,饮品,康师傅酸梅汤,1L*12瓶/箱,箱
619,肉类,冷鲜猪肉,【冷鲜】后腿肉,斤,斤
620,肉类,冷鲜猪肉,【冷鲜】后腿肉,肉片/斤,斤
621,新鲜蔬果,茄果类,薄皮椒,斤,斤
622,新鲜蔬果,叶菜类,空心菜,斤（散）,斤
623,新鲜蔬果,叶菜类,空心菜,斤,斤
624,水产冻货,冻鸡鸭,冻鸡翅根约10kg（大）,约220个/中/件,件
625,水产冻货,冻鸡鸭,冻鸡翅根约10kg（大）,约22个/中/包,包
626,水产冻货,冻鸡鸭,冻鸡翅根约10kg（大）,约150个/大/件,件
627,水产冻货,冻鸡鸭,冻鸡翅根约10kg（大）,约15个/大/包,包
628,米油杂粮,杂粮类,黄豆,约18kg/包,包
629,米油杂粮,杂粮类,黄豆,斤,斤
630,调料干货,干货,干海带,优/斤,斤
631,调料干货,干货,干海带,普/斤,斤
632,禽类,鲜鸡,【热鲜】青脚草鸡,斤,斤
633,肉类,冷鲜猪肉,【冷鲜】去皮前腿肉,斤,斤
634,肉类,冷鲜猪肉,【冷鲜】去皮前腿肉,肉丝/斤,斤
635,肉类,冷鲜猪肉,【冷鲜】去皮前腿肉,肉片/斤,斤
636,水产冻货,半成品,黑椒肉粒,2.5kg*4包/件,件
637,水产冻货,半成品,黑椒肉粒,2.5kg/包,包
638,新鲜蔬果,菌类,鲜菇片,约2.5kg/包,包
639,新鲜蔬果,菌类,鲜菇片,斤,斤
640,禽类,鲜鸡,【热鲜】草公鸡,斤,斤
641,新鲜蔬果,根茎类,胡萝卜丝,斤,斤
642,豆品蛋类,豆制品,百叶,斤,斤
643,米油杂粮,杂粮类,大粒花生米,约24kg/包,包
644,米油杂粮,杂粮类,大粒花生米,斤,斤
645,水产冻货,冻鸡鸭,鸡排腿300/350,约8.7kg/箱,箱
646,水产冻货,冻鸡鸭,鸡排腿300/350,斤,斤
647,豆品蛋类,豆制品,烟熏干,斤,斤
648,肉类,冷鲜猪肉,【冷鲜】前腿肉,斤,斤
649,肉类,冷鲜猪肉,【冷鲜】前腿肉,肉片/斤,斤
650,调料干货,调味汁,海天精制料酒1.9L,1.9L*6/件,件
651,调料干货,调味汁,海天精制料酒1.9L,桶,桶
652,调料干货,干货,干香菇,优/斤,斤
653,调料干货,干货,干香菇,普/斤,斤
654,调料干货,调味粉,新奥尔良腌料,1kg/包,包
655,新鲜蔬果,茄果类,杭椒,斤,斤
656,新鲜蔬果,根茎类,胡萝卜丁,斤,斤
657,饮品,饮品,康师傅蜂蜜柚子茶500ml,500ml*15/箱,箱
658,调料干货,香辛料,干辣椒,斤,斤
659,调料干货,酱腌菜,红油萝卜丁,约16kg/件,件
660,新鲜蔬果,叶菜类,红苋菜,斤/散,斤
661,新鲜蔬果,叶菜类,红苋菜,斤/优,斤
662,新鲜蔬果,叶菜类,红苋菜,斤/普,斤
663,调料干货,调味酱,海天蒜蓉辣椒酱6.3kg,6.3kg*2/件,件
664,调料干货,调味酱,海天蒜蓉辣椒酱6.3kg,桶,桶
665,调料干货,粉面类,干面条,粗/袋,袋
666,调料干货,粉面类,干面条,细/袋,袋
667,调料干货,粉面类,干面条,粗/800克*15卷/包,包
668,调料干货,酱腌菜,菜脯王,约2kg/袋,袋
669,调料干货,酱腌菜,菜脯王,约4kg/件,件
670,饮品,饮品,红枣豆奶,250ml*30袋/箱,箱
671,饮品礼品,礼品,蜜枣粽（预售）,个（枣粽）,个
672,饮品礼品,礼品,蜜枣粽（预售）,150g*60个/件,件
673,饮品礼品,礼品,蜜枣粽（预售）,个,个
674,调料干货,调味酱,张氏记湖南辣椒酱,228克/瓶,瓶
675,新鲜蔬果,茄果类,线椒,斤,斤
676,新鲜蔬果,茄果类,线椒,斤（优）,斤
677,水产冻货,半成品,黑椒猪仔骨,1kg*10包/箱,箱
678,水产冻货,半成品,黑椒猪仔骨,1kg/包,包
679,禽类,鲜鸡,【热鲜】三黄鸡,斤,斤
680,肉类,猪肉类,【热鲜】去颈通排,斤,斤
681,肉类,冷鲜猪肉,【冷鲜】中肉（后腿）,斤,斤
682,肉类,冷鲜猪肉,【冷鲜】中肉（后腿）,肉片/斤,斤
683,豆品蛋类,豆制品,四角豆腐,斤,斤
684,水产冻货,冻鸡鸭,冻鸡腿（约10kg）,约2-3个/斤,斤
685,水产冻货,冻鸡鸭,冻鸡腿（约10kg）,约51个/件,件
686,水产冻货,冻鸡鸭,冻鸡腿（约10kg）,约68个/件,件
687,水产冻货,冻鸡鸭,冻鸡腿（约10kg）,约80个/件,件
688,水产冻货,冻鸡鸭,冻鸡腿（约10kg）,约90个/件,件
689,饮品,饮品,原味豆奶,250ml*30袋/箱,箱
690,调料干货,调味酱,海天海鲜酱7kg,7kg*2/件,件
691,调料干货,调味酱,海天海鲜酱7kg,桶,桶
692,饮品,饮品,五谷豆奶,250ml*30袋/箱,箱
693,调料干货,调味酱,凤球唛番茄调味酱,660g*12/件,件
694,调料干货,调味酱,凤球唛番茄调味酱,3kg/瓶,瓶
695,水产冻货,冻海鲜水产,包冰虾仁,斤,斤
696,水产冻货,冻海鲜水产,包冰虾仁,约2.5kg/包,包
697,饮品,饮品,黑豆豆奶,250ml*30袋/箱,箱
698,调料干货,调味粉,大骨浓汤,908g*10/件,件
699,调料干货,调味粉,大骨浓汤,908g/包,包
700,饮品,饮品,小米粥,330*30杯/箱,箱
701,饮品,饮品,八宝粥,330*30杯/箱,箱
702,饮品,饮品,黑米粥,330*30杯/箱,箱
703,饮品,饮品,南瓜粥,330*30杯/箱,箱
704,豆品蛋类,包点,玉米馒头（鲜）,个,个
705,调料干货,调味粉,食用碱,250g*20/件,件
706,调料干货,调味粉,食用碱,750g/包,包
707,饮品,饮品,康师傅茉莉蜜茶,500ml*15瓶/箱,箱
708,肉类,冷鲜猪肉,【冷鲜】中肉（前腿）,斤,斤
709,肉类,冷鲜猪肉,【冷鲜】中肉（前腿）,肉片/斤,斤
710,调料干货,调味汁,伊例家红烧酱油,2.8kg*6桶/箱,箱
711,调料干货,调味汁,伊例家红烧酱油,2.8kg/桶,桶
712,豆品蛋类,豆制品,油三角,斤,斤
713,新鲜蔬果,茄果类,青椒,斤,斤
714,新鲜蔬果,茄果类,青椒,斤（精品）,斤
715,水产冻货,冻鸡鸭,冻鸡边腿,约7kg/件,件
716,水产冻货,冻鸡鸭,冻鸡边腿,斤,斤
717,肉类,猪肉类,【热鲜】带颈通排,斤,斤
718,调料干货,调味汁,金龙鱼鲜味生抽,1.8L*6/箱,箱
719,调料干货,调味汁,金龙鱼鲜味生抽,1.8L/桶,桶
720,豆品蛋类,豆制品,油豆泡,大/斤,斤
721,豆品蛋类,豆制品,油豆泡,小/斤,斤
722,禽类,鲜鸡,【热鲜】鸡肉块,斤,斤
723,调料干货,粉面类,龙口粉丝,斤,斤
724,调料干货,粉面类,龙口粉丝,180G/包,包
725,调料干货,调味酱,海天排骨酱260g,260g*15/件,件
726,调料干货,调味酱,海天排骨酱260g,260g/瓶,瓶
727,豆品蛋类,包点,玉米方糕,90g*6个*16包/箱,箱
728,豆品蛋类,包点,玉米方糕,90g*6个/包,包
729,饮品,饮品,康师傅茉莉清茶500ml,500ml*15瓶/箱,箱
730,水产冻货,半成品,鲜青豆（冷冻）,1kg*10包/件,件
731,水产冻货,半成品,鲜青豆（冷冻）,1kg/包,包
732,新鲜蔬果,茄果类,佛手瓜,斤,斤
733,调料干货,调味粉,盐焗鸡粉,180g*32/件,件
734,调料干货,调味粉,盐焗鸡粉,250g/盒,盒
735,肉类,冷鲜猪肉,【冷鲜】猪肉馅肥3瘦7,斤,斤
736,新鲜蔬果,茄果类,苦瓜,斤,斤
737,调料干货,调味粉,厨邦鸡粉,2kg*6/件,件
738,调料干货,调味粉,厨邦鸡粉,1kg/桶,桶
739,肉类,冷鲜猪肉,【冷鲜】猪肉馅肥5瘦5,斤,斤
740,饮品礼品,饮品,雪碧330ml,24罐/箱,箱
741,豆品蛋类,包点,梅干菜肉包,800g*10包/件,件
742,豆品蛋类,包点,梅干菜肉包,800g/包（10个）,包
743,肉类,猪肉类,【热鲜】去颈骨排骨,斤,斤
744,肉类,猪肉类,【热鲜】去颈骨排骨,斤(砍块),斤
745,肉类,猪肉类,【热鲜】去颈骨排骨,斤(砍小块),斤
746,水产冻货,冻海鲜水产,冻罗非鱼,8.5kg/箱,箱
747,水产冻货,冻海鲜水产,冻罗非鱼,约3kg/件,件
748,水产冻货,冻海鲜水产,鱿鱼须,0.75kg*4包/件,件
749,水产冻货,冻海鲜水产,鱿鱼须,0.75kg/包,包
750,调料干货,调味粉,咖喱粉,500g*20/件,件
751,调料干货,调味粉,咖喱粉,500g/包,包
752,肉类,冷鲜猪肉,【冷鲜】红烧小肉块,斤,斤
753,豆品蛋类,包点,杂粮包,包,包
754,饮品,饮品,康师傅绿茶500ml,500ml*15/件,件
755,豆品蛋类,豆制品,素鸡,中/斤,斤
756,豆品蛋类,豆制品,素鸡,大/斤,斤
757,水产冻货,半成品,调理鸡肉丁,1kg*10/件,件
758,水产冻货,半成品,调理鸡肉丁,1kg/包,包
759,水产冻货,半成品,调理鸡肉片,1kg*10/件,件
760,水产冻货,半成品,调理鸡肉片,1kg/包,包
761,水产冻货,半成品,调理鸡肉丝,1kg*10/件,件
762,水产冻货,半成品,调理鸡肉丝,1kg/包,包
763,肉类,猪肉类,【热鲜】带颈骨排骨,斤,斤
764,肉类,猪肉类,【热鲜】带颈骨排骨,斤(砍块),斤
765,肉类,猪肉类,【热鲜】带颈骨排骨,斤(砍小块),斤
766,水产冻货,半成品,风味扇子骨,1.5kg*6包/件,件
767,水产冻货,半成品,风味扇子骨,1.5kg/包（10根）,包
768,调料干货,干货,油面筋,约4.6斤/包（优质）,包
769,调料干货,干货,油面筋,约4.8斤/包,包
770,新鲜蔬果,叶菜类,广东菜心,精品/斤,斤
771,新鲜蔬果,叶菜类,广东菜心,斤,斤
772,饮品,饮品,康师傅水蜜桃,1L*12瓶/箱,箱
773,新鲜蔬果,茄果类,板栗南瓜,斤,斤
774,水产冻货,冻海鲜水产,黑鱼片（盒）,6.25kg/箱,箱
775,水产冻货,冻海鲜水产,黑鱼片（盒）,250g/盒,盒
776,新鲜蔬果,叶菜类,小娃娃菜,斤,斤
777,水产冻货,冻海鲜水产,草鱼块,10kg/件,件
778,调料干货,调味粉,椒盐粉,454g*12/件,件
779,调料干货,调味粉,椒盐粉,700g/瓶,瓶
780,调料干货,香辛料,卤料包,500g*10/件,件
781,调料干货,香辛料,卤料包,15g/包,包
782,水产冻货,半成品,韩式炸鸡,10袋/箱,箱
783,水产冻货,半成品,韩式炸鸡,1kg/袋,袋
784,调料干货,粉面类,东莞米粉,约3.5kg/包,包
785,调料干货,调味汁,海天白醋1.9L,1.9L*6/件,件
786,调料干货,调味汁,海天白醋1.9L,桶,桶
787,调料干货,调味粉,嫩肉粉,250g*12/件,件
788,调料干货,调味粉,嫩肉粉,250g/瓶,瓶
789,豆品蛋类,豆制品,水面筋,斤,斤
790,调料干货,酱腌菜,红油豆角,约4kg/件,件
791,水产冻货,半成品,面筋塞肉,40g*50/包*4/件,件
792,水产冻货,半成品,面筋塞肉,40g*50/包,包
793,水产冻货,冻海鲜水产,带头米鱼,约10斤/件,件
794,新鲜蔬果,叶菜类,大娃娃菜,斤,斤
795,豆品蛋类,豆制品,香干（红香干）,斤,斤
796,调料干货,酱腌菜,香辣外婆菜,约4kg/件,件
797,调料干货,调味粉,安琪酵母粉,500g/包,包
798,调料干货,调味酱,老干妈辣椒酱,280g*24/件,件
799,调料干货,调味酱,老干妈辣椒酱,280g/瓶,瓶
800,调料干货,调味酱,三五火锅底料,150g*60/件,件
801,调料干货,调味酱,三五火锅底料,150g/包,包
802,新鲜蔬果,叶菜类,油麦菜,斤,斤
803,新鲜蔬果,叶菜类,油麦菜,精品/斤,斤
804,肉类,猪肉类,【热鲜】扇子骨,斤,斤
805,肉类,猪肉类,【热鲜】扇子骨,斤(砍块),斤
806,新鲜蔬果,茄果类,长丝瓜,优/斤,斤
807,新鲜蔬果,茄果类,长丝瓜,普/斤,斤
808,饮品,饮品,康师傅水晶葡萄,1L*12瓶/箱,箱
809,调料干货,调味粉,面包糠,1kg*10/件,件
810,调料干货,调味粉,面包糠,1kg/包,包
811,新鲜蔬果,叶菜类,生菜,斤,斤
812,新鲜蔬果,叶菜类,生菜,精品/斤,斤
813,新鲜蔬果,茄果类,老黄瓜,斤,斤
814,调料干货,酱腌菜,原味外婆菜,约8.3kg/件,件
815,调料干货,酱腌菜,原味外婆菜,约4kg/件,件
816,调料干货,调味粉,蒸肉粉 (麻辣),125g*40/件,件
817,调料干货,调味粉,蒸肉粉 (麻辣),125g/包,包
818,新鲜蔬果,茄果类,青瓜（黄瓜）,斤,斤
819,饮品,饮品,康师傅劲凉冰红茶,1L*12瓶/箱,箱
820,豆品蛋类,豆制品,香干（白香干）,斤,斤
821,新鲜蔬果,茄果类,西红柿,优/斤,斤
822,新鲜蔬果,茄果类,西红柿,斤,斤
823,调料干货,调味汁,金龙鱼金标生抽,4.9L*2/箱,件
824,调料干货,调味汁,金龙鱼金标生抽,4.9L/桶,桶
825,水产冻货,半成品,过油T骨猪排,1.6kg*4/件（约60片）,件
826,水产冻货,半成品,过油T骨猪排,1.5kg*4/件（约80片）,件
827,水产冻货,半成品,过油T骨猪排,1.5kg/包（约20片）,包
828,肉类,猪肉类,【热鲜】大骨,斤,斤
829,肉类,猪肉类,【热鲜】大骨,斤(砍块),斤
830,调料干货,调味粉,蒸肉粉(五香),125g*40/件,件
831,调料干货,调味粉,蒸肉粉(五香),125g/包,包
832,新鲜蔬果,叶菜类,菠菜,斤（优）,斤
833,新鲜蔬果,叶菜类,菠菜,斤（普）,斤
834,调料干货,酱腌菜,红油榨菜丝,4.5kg/件,件
835,饮品,饮品,康师傅冰红茶1L,1L*12瓶/件,件
836,调料干货,调味粉,王守义十三香,45g*10/条,条
837,调料干货,调味粉,王守义十三香,45g/盒,盒
838,水产冻货,半成品,辣子鸡（椒麻鸡）,2.5kg*4包/箱,箱
839,水产冻货,半成品,辣子鸡（椒麻鸡）,2.5kg/包,包
840,调料干货,酱腌菜,伍仁酱丁,约4.5kg/件,件
841,豆品蛋类,豆制品,老豆腐,斤,斤
842,新鲜蔬果,茄果类,青茄子,斤,斤
843,新鲜蔬果,叶菜类,香菜,斤,斤
844,新鲜蔬果,叶菜类,香菜,斤/优,斤
845,新鲜蔬果,根茎类,茨菇,大/斤,斤
846,新鲜蔬果,根茎类,茨菇,斤,斤
847,水产冻货,半成品,蒜香猪软骨,2.5kg*4包/件,件
848,水产冻货,半成品,蒜香猪软骨,2.5kg/包,包
849,新鲜蔬果,叶菜类,茼蒿,斤/优,斤
850,新鲜蔬果,叶菜类,茼蒿,斤/普,斤
851,肉类,猪肉类,【热鲜】龙骨,斤,斤
852,肉类,猪肉类,【热鲜】龙骨,斤(砍块),斤
853,肉类,猪肉类,【热鲜】龙骨,斤(砍小块),斤
854,调料干货,调味汁,金龙鱼老抽王,1.8L*6/箱,箱
855,调料干货,调味汁,金龙鱼老抽王,1.8L/桶,桶
856,豆品蛋类,豆制品,水豆腐（嫩豆腐）,约4斤/板,板
857,豆品蛋类,豆制品,水豆腐（嫩豆腐）,约12斤/中板,中板
858,调料干货,调味粉,南德(130g),130g*60/件,件
859,调料干货,调味粉,南德(130g),130g/包,包
860,新鲜蔬果,茄果类,线茄子,斤,斤
861,新鲜蔬果,茄果类,线茄子,斤（精品）,斤
862,水产冻货,半成品,调理鸡杂,1kg*10包/箱,箱
863,水产冻货,半成品,调理鸡杂,1kg/包,包
864,新鲜蔬果,叶菜类,苏州青,斤,斤
865,豆品蛋类,豆制品,内脂嫩豆腐,350g/盒,盒
866,饮品,饮品,康师傅冰红茶500ml,500ml*15/件,件
867,调料干货,调味粉,红片糖,斤,斤
868,调料干货,调味汁,恒顺香醋,500ml/瓶,桶
869,调料干货,调味汁,恒顺香醋,500ml*12瓶/件,件
870,水产冻货,半成品,蚝油肉片,10kg/件,件
871,水产冻货,半成品,蚝油肉片,2.5kg/包,包
872,新鲜蔬果,茄果类,茄子,斤,斤
873,调料干货,酱腌菜,清水豆角（固形物≥50%）,6包/件,件
874,调料干货,酱腌菜,清水豆角（固形物≥50%）,2kg/包,包
875,新鲜蔬果,根茎类,春笋,斤,斤
876,新鲜蔬果,根茎类,地瓜,斤,斤
877,新鲜蔬果,茄果类,蒲瓜（瓠子）,斤,斤
878,肉类,猪肉类,【热鲜】杂排块,斤,斤
879,饮品,饮品,外星人电解质水,500ml*15瓶/箱,箱
880,新鲜蔬果,叶菜类,小青菜,斤,斤
881,豆品蛋类,豆制品,黄豆芽,短根/斤,斤
882,豆品蛋类,豆制品,黄豆芽,斤,斤
883,豆品蛋类,包点,紫薯卷,800g*8包/件,件
884,豆品蛋类,包点,紫薯卷,800g/包（20个）,包
885,调料干货,调味粉,白砂糖,50kg/包,包
886,调料干货,调味粉,白砂糖,斤,斤
887,调料干货,酱腌菜,成林榨菜丝,1kg*10/箱,箱
888,调料干货,酱腌菜,成林榨菜丝,1kg/包,包
889,调料干货,酱腌菜,野山椒（泡椒小米辣）,2kg*6/件,件
890,调料干货,酱腌菜,野山椒（泡椒小米辣）,2kg/包,包
891,豆品蛋类,豆制品,黄金芽,斤,斤
892,水产冻货,半成品,蒸大咖南瓜马拉糕,4包/件,箱
893,水产冻货,半成品,蒸大咖南瓜马拉糕,110g*20个/包,包
894,新鲜蔬果,根茎类,香芋,斤,斤
895,调料干货,调味粉,白冰糖,约14.5kg/件,件
896,调料干货,调味粉,白冰糖,斤,斤
897,新鲜蔬果,茄果类,小瓜（西葫芦）,斤,斤
898,新鲜蔬果,茄果类,小瓜（西葫芦）,斤（精品）,斤
899,肉类,猪肉类,【热鲜】短猪脚,开边/斤,斤
900,肉类,猪肉类,【热鲜】短猪脚,斤,斤
901,肉类,猪肉类,【热鲜】短猪脚,砍小块/斤,15
902,饮品,饮品,可口可乐罐装330ml,24罐/箱,箱
903,新鲜蔬果,叶菜类,上海青,精品/斤,斤
904,新鲜蔬果,叶菜类,上海青,斤,斤
905,新鲜蔬果,茄果类,冬瓜,斤,斤
906,调料干货,调味粉,红冰糖,斤,斤
907,肉类,猪肉类,【热鲜】后猪脚,开边/斤,斤
908,肉类,猪肉类,【热鲜】后猪脚,斤,斤
909,肉类,猪肉类,【热鲜】后猪脚,砍小块/斤,斤
910,水产冻货,半成品,蒜香排骨,2.5kg*4包/件,件
911,水产冻货,半成品,蒜香排骨,2.5kg/包,包
912,豆品蛋类,包点,安井豆沙包,12包/箱,箱
913,豆品蛋类,包点,安井豆沙包,12个/包,包
914,豆品蛋类,豆制品,绿豆芽,短粗/斤,斤
915,豆品蛋类,豆制品,绿豆芽,斤,斤
916,新鲜蔬果,叶菜类,紫甘蓝,斤,斤
917,新鲜蔬果,根茎类,毛芋头,斤,斤
918,新鲜蔬果,叶菜类,牛心包菜,斤,斤
919,新鲜蔬果,叶菜类,牛心包菜,斤（去皮）,斤
920,肉类,猪肉类,【热鲜】前猪脚,开边/斤,斤
921,肉类,猪肉类,【热鲜】前猪脚,斤,斤
922,肉类,猪肉类,【热鲜】前猪脚,砍小块/斤,斤
923,新鲜蔬果,根茎类,铁棍山药,斤,斤
924,新鲜蔬果,茄果类,老南瓜,斤,斤
925,调料干货,酱腌菜,鱼酸菜,1KG*10/件,件
926,调料干货,酱腌菜,鱼酸菜,1KG/包,包
927,新鲜蔬果,叶菜类,平包,斤,斤
928,新鲜蔬果,叶菜类,平包,斤（去皮）,斤
929,饮品,饮品,百事可乐罐装330ml,330ml*24/件,件
930,新鲜蔬果,根茎类,鲜淮山,斤,斤
931,水产冻货,半成品,芝麻球,2.25kg*4/件,件
932,水产冻货,半成品,芝麻球,2.25kg/包,包
933,调料干货,调味汁,海天老抽酱油1.9L,1.9L*6/件,件
934,调料干货,调味汁,海天老抽酱油1.9L,桶,桶
935,新鲜蔬果,叶菜类,京包,斤,斤
936,新鲜蔬果,叶菜类,京包,斤（去皮）,斤
937,饮品,饮品,农夫山泉,550ml*24瓶/件,件
938,肉类,猪肉类,【热鲜】后蹄髈,斤,斤
939,肉类,猪肉类,【热鲜】后蹄髈,砍小块/斤,斤
940,水产冻货,半成品,炸黄花鱼,10包/件,件
941,水产冻货,半成品,炸黄花鱼,900g/包,包
942,新鲜蔬果,叶菜类,水白菜,斤,斤
943,新鲜蔬果,叶菜类,水白菜,精品/斤,斤
944,新鲜蔬果,根茎类,紫薯,斤,斤
945,饮品,饮品,康师傅矿泉水,550ml*24/件,件
946,新鲜蔬果,根茎类,小红薯,斤,斤
947,肉类,猪肉类,【热鲜】前蹄髈,斤,斤
948,肉类,猪肉类,【热鲜】前蹄髈,砍小块/斤,斤
949,新鲜蔬果,叶菜类,小白菜,精品/斤,斤
950,新鲜蔬果,叶菜类,小白菜,斤,斤
951,水产冻货,半成品,炸带鱼,0.9kg*10包/箱,箱
952,水产冻货,半成品,炸带鱼,0.9kg/包,包
953,肉类,猪肉类,【热鲜】正五花肉,斤,斤
954,肉类,猪肉类,【热鲜】正五花肉,肉块/斤,斤
955,肉类,猪肉类,【热鲜】正五花肉,肉片/斤,斤
956,新鲜蔬果,叶菜类,毛白菜,斤,斤
957,饮品,饮品,盐汽水,600ml*24瓶/件,件
958,新鲜蔬果,根茎类,大红薯,斤,斤
959,水产冻货,半成品,水发肉皮,斤,斤
960,肉类,猪肉类,【热鲜】去脊背五花肉,斤,斤
961,肉类,猪肉类,【热鲜】去脊背五花肉,肉块/斤,斤
962,肉类,猪肉类,【热鲜】去脊背五花肉,肉片/斤,斤
963,新鲜蔬果,叶菜类,大白菜,斤,斤
964,新鲜蔬果,叶菜类,大白菜,斤（去皮）,斤
965,调料干货,调味汁,海天鲜味生抽1.9L,1.9L*6/件,件
966,调料干货,调味汁,海天鲜味生抽1.9L,桶,桶
967,肉类,猪肉类,【热鲜】瘦肉,斤,斤
968,肉类,猪肉类,【热鲜】瘦肉,肉丝/斤,斤
969,肉类,猪肉类,【热鲜】瘦肉,肉块/斤,斤
970,肉类,猪肉类,【热鲜】瘦肉,肉沫/斤,斤
971,肉类,猪肉类,【热鲜】瘦肉,肉片/斤,斤
972,新鲜蔬果,根茎类,莲藕,斤（大）,斤
973,新鲜蔬果,根茎类,莲藕,斤（小）,斤
974,肉类,猪肉类,【热鲜】带脊背五花肉,斤,斤
975,肉类,猪肉类,【热鲜】带脊背五花肉,肉块/斤,斤
976,肉类,猪肉类,【热鲜】带脊背五花肉,肉片/斤,斤
977,新鲜蔬果,根茎类,新莲藕,斤,斤
978,水产冻货,半成品,干炸里脊,0.8KG*10包/件,件
979,水产冻货,半成品,干炸里脊,0.8KG/包,包
980,调料干货,调味汁,海天金标生抽1.9L,1.9L*6/件,件
981,调料干货,调味汁,海天金标生抽1.9L,桶,桶
982,肉类,猪肉类,【热鲜】红烧小肉块,斤,斤
983,新鲜蔬果,根茎类,茭白肉,斤,斤
984,水产冻货,半成品,尚品五花肉（把子肉）,10kg/件,件
985,调料干货,调味汁,海天蒸鱼豉油1.75L,1.75L*6/件,件
986,调料干货,调味汁,海天蒸鱼豉油1.75L,桶,桶
987,新鲜蔬果,根茎类,去皮茭白,斤,斤
988,肉类,猪肉类,【热鲜】带皮里脊肉,斤,斤
989,肉类,猪肉类,【热鲜】带皮里脊肉,肉块/斤,斤
990,肉类,猪肉类,【热鲜】带皮里脊肉,肉片/斤,斤
991,肉类,猪肉类,【热鲜】去皮后腿肉,斤,斤
992,肉类,猪肉类,【热鲜】去皮后腿肉,肉丝/斤,斤
993,肉类,猪肉类,【热鲜】去皮后腿肉,肉块/斤,斤
994,肉类,猪肉类,【热鲜】去皮后腿肉,肉沫/斤,斤
995,肉类,猪肉类,【热鲜】去皮后腿肉,肉片/斤,斤
996,水产冻货,半成品,安井包心鱼卷,2.5kg*4/件,件
997,水产冻货,半成品,安井包心鱼卷,2.5kg/包,包
998,调料干货,调味汁,海天味极鲜酱油1.9L,1.9L*6/件,件
999,调料干货,调味汁,海天味极鲜酱油1.9L,桶,桶
1000,新鲜蔬果,根茎类,带皮茭白,斤,斤
1001,调料干货,调味粉,甄选精制岩盐（无碘）,500g/包,包
1002,调料干货,调味粉,甄选精制岩盐（无碘）,350克*50包/箱,件
1003,肉类,猪肉类,【热鲜】后腿肉,斤,斤
1004,肉类,猪肉类,【热鲜】后腿肉,肉块/斤,斤
1005,肉类,猪肉类,【热鲜】后腿肉,肉片/斤,斤
1006,新鲜蔬果,根茎类,蒜苗（大蒜叶）,斤,斤
1007,水产冻货,半成品,地道肠（70g）,10根*20包/箱,箱
1008,水产冻货,半成品,地道肠（70g）,10根/包,包
1009,调料干货,调味汁,海天金标生抽4.9L,4.9L*2/件,件
1010,调料干货,调味汁,海天金标生抽4.9L,桶,桶
1011,肉类,猪肉类,【热鲜】去皮前腿肉,斤,斤
1012,肉类,猪肉类,【热鲜】去皮前腿肉,肉丝/斤,斤
1013,肉类,猪肉类,【热鲜】去皮前腿肉,肉块/斤,斤
1014,肉类,猪肉类,【热鲜】去皮前腿肉,肉沫/斤,斤
1015,肉类,猪肉类,【热鲜】去皮前腿肉,肉片/斤,斤
1016,新鲜蔬果,根茎类,大葱,斤,斤
1017,肉类,猪肉类,【热鲜】前腿肉,斤,斤
1018,肉类,猪肉类,【热鲜】前腿肉,肉块/斤,斤
1019,肉类,猪肉类,【热鲜】前腿肉,肉片/斤,斤
1020,水产冻货,半成品,切片面筋,2.5kg*4包/件,件
1021,水产冻货,半成品,切片面筋,2.5kg/包,包
1022,调料干货,调味汁,川味辣油,235ml/瓶,瓶
1023,新鲜蔬果,根茎类,韭黄,斤,斤
1024,肉类,猪肉类,【热鲜】中肉（后腿）,瘦肉厚约1cm/斤（烧毛）,斤
1025,肉类,猪肉类,【热鲜】中肉（后腿）,瘦肉厚约1cm/斤,斤
1026,肉类,猪肉类,【热鲜】中肉（后腿）,肉片/斤,斤
1027,水产冻货,半成品,冻玉米粒,约1kg*10包/件,件
1028,水产冻货,半成品,冻玉米粒,1kg/包,包
1029,调料干货,调味汁,南乳汁,560g/瓶,瓶
1030,水产冻货,半成品,冻玉米棒,40个/件,件
1031,新鲜蔬果,根茎类,蒜黄,斤,斤
1032,新鲜蔬果,根茎类,韭菜苔,斤,斤
1033,调料干货,调味汁,家乐浓缩鸡汁,1kg*6/件,件
1034,调料干货,调味汁,家乐浓缩鸡汁,1kg/瓶,瓶
1035,水产冻货,半成品,冻杂菜粒,约5斤*4/件,件
1036,水产冻货,半成品,冻杂菜粒,约5斤/包,包
1037,水产冻货,半成品,冻杂菜粒,约1kg*10包/件,件
1038,水产冻货,半成品,冻杂菜粒,约1kg/包,包
1039,新鲜蔬果,根茎类,蒜苔,斤,斤
1040,新鲜蔬果,根茎类,韭菜,斤,斤
1041,豆品蛋类,包点,北方馒头,90g*12个*8袋,件
1042,新鲜蔬果,根茎类,西芹,斤,斤
1043,调料干货,调味汁,金龙鱼草菇老抽,1.8L*6/箱,件
1044,调料干货,调味汁,金龙鱼草菇老抽,1.8L/桶,桶
1045,新鲜蔬果,根茎类,毛芹,斤,斤
1046,调料干货,调味汁,金龙鱼生抽酱油,1.8L*6/箱,箱
1047,调料干货,调味汁,金龙鱼生抽酱油,1.8L/桶,桶
1048,新鲜蔬果,根茎类,芹菜,斤,斤
1049,水产冻货,半成品,双汇爆炒肠,200g*20/件,件
1050,水产冻货,半成品,双汇爆炒肠,200g/条,条
1051,新鲜蔬果,根茎类,蒜苔(优),斤,斤
1052,新鲜蔬果,根茎类,去皮玉米棒,斤,斤
1053,调料干货,调味汁,恒顺料酒,1.75L*6桶/件,件
1054,调料干货,调味汁,恒顺料酒,1.75L/桶,桶
1055,新鲜蔬果,根茎类,玉米棒,斤,斤
1056,豆品蛋类,包点,安井桂花糕（300g）,24包/箱,箱
1057,豆品蛋类,包点,安井桂花糕（300g）,10个/包,包
1058,调料干货,调味汁,海天金字装蚝油6kg,6kg*2/件,件
1059,调料干货,调味汁,海天金字装蚝油6kg,桶,桶
1060,调料干货,调味汁,海天草菇老抽1.9L,1.9L*6/件,件
1061,调料干货,调味汁,海天草菇老抽1.9L,桶,桶
1062,新鲜蔬果,根茎类,西兰花,斤/优,斤
1063,新鲜蔬果,根茎类,西兰花,斤/普,斤
1064,豆品蛋类,包点,手撕红糖馒头,6个/包,包
1065,新鲜蔬果,根茎类,花菜,斤,斤
1066,新鲜蔬果,根茎类,花菜,斤（精品）,斤
1067,调料干货,调味汁,海天老抽王 1.9L,1.9L*6/件,件
1068,调料干货,调味汁,海天老抽王 1.9L,桶,桶
1069,新鲜蔬果,根茎类,净莴笋肉,斤（精品）,斤
1070,新鲜蔬果,根茎类,净莴笋肉,斤,斤
1071,调料干货,调味汁,海天生抽酱油1.9L,1.9L*6/件,件
1072,调料干货,调味汁,海天生抽酱油1.9L,桶,桶
1073,水产冻货,半成品,嫩鸭血,300g*20盒/件,件
1074,水产冻货,半成品,嫩鸭血,300g/盒,盒
1075,豆品蛋类,包点,奶香馒头,1kg*8包*48个/件,件
1076,豆品蛋类,包点,奶香馒头,48个/包,包
1077,新鲜蔬果,根茎类,去皮莴笋,斤,斤
1078,新鲜蔬果,根茎类,莴笋,斤,斤
1079,水产冻货,半成品,嫩猪血,435g*20盒/件,件
1080,水产冻货,半成品,嫩猪血,435g/盒,盒
1081,新鲜蔬果,根茎类,红洋葱,斤,斤
1082,新鲜蔬果,根茎类,白洋葱,斤,斤
1083,水产冻货,半成品,毛豆米（冷鲜）,1kg*10包/箱,箱
1084,水产冻货,半成品,毛豆米（冷鲜）,1kg/包,包
1085,新鲜蔬果,根茎类,荷兰土豆,斤,斤
1086,新鲜蔬果,根茎类,新土豆,丝/斤,斤
1087,新鲜蔬果,根茎类,新土豆,斤,斤
1088,新鲜蔬果,根茎类,新土豆,片/斤,斤
1089,水产冻货,半成品,冻狮子头,2.5kg*4/件,件
1090,水产冻货,半成品,冻狮子头,2.5kg/包,包
1091,新鲜蔬果,根茎类,青萝卜,斤,斤
1092,新鲜蔬果,根茎类,胡萝卜,斤,斤
1093,水产冻货,半成品,雨润配餐三文治,1.8kg*4块/箱,箱
1094,水产冻货,半成品,雨润配餐三文治,1.8kg/块,1.8kg
1095,新鲜蔬果,根茎类,白萝卜,斤,斤
1096,水产冻货,半成品,卡滋脆鸡排,1kg*10/件,件
1097,水产冻货,半成品,卡滋脆鸡排,1kg/包,包
1098,水产冻货,半成品,双汇三文治香肠,1.8kg*4/件,件
1099,水产冻货,半成品,双汇三文治香肠,1.8kg/条,条
1100,水产冻货,半成品,青花椒油皇鸡,1kg*10包/件,包
1101,水产冻货,半成品,青花椒油皇鸡,1kg/包,包
1102,豆品蛋类,包点,猪肉白菜水饺,500g*20包/件,件
1103,豆品蛋类,包点,猪肉白菜水饺,包（500g）,包
1104,水产冻货,半成品,蛋饺,约200个/件,件
1105,水产冻货,半成品,蛋饺,约50个/包,包
1106,水产冻货,半成品,芊叶豆腐,2.5kg*4包/件,件
1107,水产冻货,半成品,芊叶豆腐,2.5kg/包,包
1108,水产冻货,半成品,深海鳕鱼排,31G*10片*20盒/件,件
1109,水产冻货,半成品,深海鳕鱼排,31G*10片/盒,盒
1110,水产冻货,半成品,日本豆腐,50支/件,件
1111,水产冻货,半成品,黑椒肉柳,2.5kg*4包/件,件
1112,水产冻货,半成品,黑椒肉柳,2.5kg/包,包
1113,水产冻货,半成品,四喜丸子,2.5KG*4包/件,件
1114,水产冻货,半成品,四喜丸子,2.5KG/包,包
1115,水产冻货,半成品,老味道炸肉丸,1kg*10/件,件
1116,水产冻货,半成品,老味道炸肉丸,1kg/包,包
1117,水产冻货,半成品,黑椒猪排,80G*25片*4包/件,件
1118,水产冻货,半成品,黑椒猪排,80G*25片/包,包
1119,水产冻货,半成品,小酥肉,0.8kg*10/件,件
1120,水产冻货,半成品,小酥肉,0.8kg/包,包
1121,水产冻货,半成品,荷包蛋,约50个*4/件,件
1122,水产冻货,半成品,荷包蛋,约50个/包,包
1123,水产冻货,半成品,香脆藕盒,0.9kg*10/件,件
1124,水产冻货,半成品,香脆藕盒,0.9kg/包,包
1125,水产冻货,半成品,锅包肉,0.8kg*10/件,件
1126,水产冻货,半成品,锅包肉,0.8kg/包,包
1127,水产冻货,半成品,盐酥鸡,1kg*10/件,件
1128,水产冻货,半成品,盐酥鸡,1kg/包,包
1129,水产冻货,半成品,小炒鸡杂,1kg*10/件,件
1130,水产冻货,半成品,小炒鸡杂,1kg/包,包
1131,水产冻货,半成品,培根,1.5kg*8/件,件
1132,水产冻货,半成品,培根,1.5kg/包,包
1133,水产冻货,半成品,油条,6包/件,件
1134,水产冻货,半成品,油条,约40g*20根/包,包
